-0.51307,0.5065,0.69298
-0.51395,0.4867,0.70638
-0.65394,0.60213,0.45805
-0.66059,0.51969,0.5418
0.34577,-0.69668,-0.62855
-0.59954,0.66438,0.44627
-0.62483,0.4466,0.64042
-0.35284,0.63138,0.69055
-0.6255,0.69076,0.36276
0.36982,-0.6392,-0.67428
0.60724,-0.49685,-0.62
-0.65408,0.54788,0.52155
0.51289,-0.67969,-0.52438
-0.58395,0.68993,0.42779
0.69622,-0.45493,-0.55526
0.74876,-0.36043,-0.55628
-0.50957,0.7072,0.4901
0.46423,-0.6902,-0.55507
-0.53476,0.71659,0.44781
0.57923,-0.69306,-0.42913
0.56719,-0.66938,-0.47981
0.52169,-0.64051,-0.56355
-0.69306,0.59061,0.41334
-0.79757,0.48712,0.3558
-0.42452,0.58438,0.69158
0.66335,-0.5563,-0.5005
-0.68206,0.50623,0.52776
0.34249,-0.63757,-0.69007
-0.55846,0.61215,0.55982
-0.67574,0.57415,0.46231
-0.5073,0.52614,0.68251
-0.57105,0.6684,0.4766
-0.40957,0.7521,0.51633
-0.52701,0.43564,0.72971
-0.6694,0.56792,0.47892
0.7019,-0.50469,-0.50262
-0.66309,0.34193,0.66588
0.44307,-0.76571,-0.46623
-0.7956,0.46127,0.39276
-0.45993,0.57821,0.67389
0.57738,-0.45568,-0.67749
-0.43065,0.53993,0.7232
-0.56828,0.70954,0.41667
0.54665,-0.41918,-0.72489
-0.52159,0.57901,0.62666
0.38895,-0.61281,-0.68788
-0.51673,0.54002,0.66435
0.70071,-0.62341,-0.34694
-0.50393,0.49385,0.70864
0.44747,-0.58629,-0.6753
0.52168,-0.66314,-0.53674
-0.57695,0.49796,0.64742
-0.67396,0.58052,0.45691
-0.58032,0.67459,0.45623
0.52805,-0.74593,-0.4059
-0.47342,0.58429,0.65915
0.43702,-0.65518,-0.61624
0.44644,-0.61359,-0.6513
0.56522,-0.50877,-0.64937
0.57185,-0.50028,-0.65016
0.59756,-0.50975,-0.61893
-0.50971,0.64278,0.57187
-0.69127,0.47833,0.54161
-0.59925,0.52668,0.60292
0.57135,-0.61707,-0.54109
0.59719,-0.73162,-0.32877
0.67141,-0.45418,-0.5856
-0.71474,0.41999,0.55924
-0.65971,0.52783,0.53495
-0.63154,0.61992,0.46567
-0.43553,0.56036,0.70449
0.69125,-0.40902,-0.59571
0.58944,-0.63682,-0.49702
-0.64476,0.46957,0.60314
0.75898,-0.57104,-0.31283
-0.66719,0.40669,0.62406
0.62606,-0.59807,-0.50035
0.56975,-0.40867,-0.713
-0.33168,0.55759,0.76097
-0.69073,0.58184,0.42937
0.35271,-0.71155,-0.60769
0.56779,-0.66584,-0.48402
-0.41978,0.78677,0.45252
-0.60905,0.57834,0.54275
-0.57531,0.5603,0.59589
-0.52701,0.53161,0.66306
-0.75892,0.53234,0.37503
-0.51947,0.4567,0.7222
-0.69725,0.22696,0.67996
0.74424,-0.59873,-0.29603
0.71223,-0.49762,-0.49508
0.64771,-0.58951,-0.48264
-0.45827,0.35168,0.81628
0.61898,-0.54839,-0.56226
-0.7426,0.44349,0.50186
0.5473,-0.64753,-0.53026
0.44829,-0.66148,-0.60123
-0.52885,0.50504,0.6821
-0.6072,0.57635,0.54694
-0.71623,0.46939,0.51643
-0.63353,0.34835,0.69086
0.59802,-0.55493,-0.57829
-0.50157,0.67022,0.54702
0.64215,-0.43884,-0.62854
-0.67653,0.58601,0.44598
0.74487,-0.35669,-0.56386
0.68515,-0.58116,-0.43911
0.65424,-0.52751,-0.54195
0.7052,-0.45367,-0.54486
0.65257,-0.46391,-0.59912
0.6788,-0.40991,-0.60927
0.69655,-0.4937,-0.52066
-0.48214,0.63906,0.59928
-0.5701,0.61235,0.54773
-0.41894,0.58228,0.69674
0.47332,-0.74132,-0.47582
-0.46501,0.72049,0.51445
0.40585,-0.75546,-0.51437
0.55368,-0.6631,-0.50373
0.45379,-0.72443,-0.51892
-0.76196,0.5427,0.3534
-0.62994,0.46562,0.62159
-0.61041,0.57387,0.54596
-0.6745,0.39074,0.62639
0.54219,-0.68078,-0.49252
-0.51991,0.64551,0.55947
0.40896,-0.70757,-0.57627
-0.48528,0.69089,0.53589
0.46354,-0.7773,-0.42536
-0.56792,0.50567,0.64944
-0.57671,0.68746,0.44137
-0.69096,0.48978,0.53169
0.51834,-0.62847,-0.57996
-0.69358,0.46953,0.54634
0.68976,-0.64264,-0.33354
0.636,-0.44978,-0.62706
-0.64078,0.5742,0.50961
-0.41714,0.6639,0.62067
0.60589,-0.61921,-0.49947
-0.61133,0.54502,0.57378
0.52862,-0.279,-0.80169
0.48356,-0.40928,-0.77373
-0.49345,0.42829,0.75702
0.54299,-0.51186,-0.6657
-0.37928,0.75205,0.53903
0.57432,-0.57098,-0.58663
-0.61578,0.44968,0.647
0.5117,-0.51529,-0.68748
0.58391,-0.60272,-0.54385
0.4488,-0.7316,-0.51317
-0.61221,0.55064,0.56745
0.51843,-0.75851,-0.39484
-0.52683,0.43508,0.73018
0.63144,-0.51304,-0.58144
0.73551,-0.32281,-0.59567
0.635,-0.611,-0.47271
-0.58681,0.53204,0.6104
0.53034,-0.56373,-0.6332
0.67523,-0.3602,-0.64368
-0.68282,0.55094,0.47982
0.61843,-0.48621,-0.61736
-0.5816,0.66218,0.47251
0.63511,-0.42903,-0.64232
-0.5643,0.58733,0.58018
0.69045,-0.41908,-0.58962
-0.40736,0.47388,0.7807
0.58159,-0.62152,-0.52485
-0.59016,0.5709,0.57078
0.58228,-0.67081,-0.4593
-0.67309,0.37518,0.63734
0.49252,-0.73474,-0.46646
-0.54038,0.6622,0.51911
0.49019,-0.53734,-0.68628
-0.71446,0.53366,0.4525
0.66612,-0.63334,-0.39392
0.60428,-0.55275,-0.57386
0.7676,-0.50076,-0.40003
0.52933,-0.51669,-0.67294
-0.60401,0.39451,0.69248
0.51366,-0.60112,-0.61222
0.66848,-0.54893,-0.50181
-0.608,0.49232,0.62286
-0.59063,0.55457,0.58618
0.69104,-0.46601,-0.55254
0.64307,-0.55781,-0.5247
-0.62266,0.61315,0.48616
0.52719,-0.55651,-0.64215
-0.40724,0.69466,0.59296
0.77388,-0.3779,-0.50823
0.69253,-0.48902,-0.53035
-0.78917,0.47675,0.3872
0.53624,-0.47373,-0.69859
-0.39768,0.53584,0.7448
0.56861,-0.60298,-0.55955
-0.62853,0.64233,0.43859
0.65484,-0.56359,-0.50354
-0.5413,0.60737,0.58146
-0.60993,0.44248,0.65742
-0.67976,0.68057,0.27341
0.58355,-0.58758,-0.56055
-0.68038,0.53969,0.49579
0.62216,-0.58057,-0.52522
0.46997,-0.68672,-0.55457
0.4452,-0.56221,-0.69694
-0.4714,0.69164,0.54719
-0.66546,0.51918,0.5363
0.68415,-0.51509,-0.51636
0.6253,-0.53582,-0.56736
-0.4127,0.50708,0.75667
0.59304,-0.56954,-0.56915
-0.57771,0.6361,0.51149
-0.59579,0.69459,0.4032
-0.70508,0.53287,0.46788
0.46319,-0.71757,-0.52015
0.66979,-0.45115,-0.58979
0.65881,-0.35815,-0.66158
-0.59128,0.60592,0.53221
-0.62517,0.56772,0.53559
0.76502,-0.41404,-0.49327
0.44389,-0.69919,-0.56044
-0.61478,0.718,0.32637
0.62174,-0.41262,-0.66572
-0.5647,0.63369,0.52872
-0.61954,0.57989,0.52906
-0.59238,0.70211,0.39514
0.50158,-0.5324,-0.68189
0.55879,-0.54408,-0.62588
0.52047,-0.70369,-0.48367
-0.60856,0.59917,0.52024
0.67542,-0.45995,-0.57641
0.59967,-0.57423,-0.55736
-0.64994,0.52788,0.54673
0.562,-0.68354,-0.46576
0.51028,-0.46526,-0.72329
0.6683,-0.54306,-0.50838
0.70227,-0.61405,-0.36023
0.65956,-0.45383,-0.59918
-0.53168,0.7463,0.40044
0.52421,-0.74597,-0.41077
-0.7336,0.48039,0.48068
0.65941,-0.39871,-0.63734
0.72192,-0.56876,-0.39414
-0.59661,0.50947,0.62007
0.5812,-0.49862,-0.64311
0.38979,-0.50816,-0.76801
0.52848,-0.5331,-0.66069
0.71427,-0.45497,-0.53181
0.64693,-0.63875,-0.41651
-0.71723,0.38743,0.57921
-0.62977,0.66438,0.40248
-0.57338,0.71225,0.40488
0.55257,-0.64788,-0.52433
0.44547,-0.52706,-0.72371
0.74888,-0.31723,-0.58185
-0.39122,0.64692,0.65455
0.5974,-0.56436,-0.56975
-0.53493,0.56317,0.62984
0.49263,-0.59909,-0.63119
0.49013,-0.72346,-0.48619
0.57266,-0.63057,-0.52387
0.69599,-0.55145,-0.45989
-0.44866,0.74889,0.48772
0.41993,-0.69561,-0.58291
-0.64261,0.35329,0.67989
0.51467,-0.5375,-0.66799
-0.5375,0.64438,0.54393
0.55983,-0.58208,-0.58972
0.41383,-0.5812,-0.70068
0.64285,-0.54186,-0.54142
-0.43596,0.7732,0.46054
-0.73292,0.42914,0.52789
-0.42154,0.68844,0.59021
-0.51991,0.39939,0.7551
-0.61961,0.65062,0.43907
-0.57861,0.60996,0.54145
0.65254,-0.50487,-0.56506
-0.52853,0.61337,0.58689
-0.44773,0.6798,0.58087
0.43358,-0.72581,-0.53405
-0.47903,0.64275,0.59784
0.53156,-0.70357,-0.47163
0.72022,-0.41659,-0.55474
-0.57764,0.46329,0.67209
-0.44667,0.63716,0.6281
0.41243,-0.61487,-0.67219
-0.70513,0.5732,0.41741
0.66539,-0.58271,-0.46659
0.65228,-0.4405,-0.61683
-0.69742,0.21728,0.68294
0.58592,-0.54521,-0.59954
-0.63743,0.51181,0.57596
0.4573,-0.52392,-0.7186
-0.40847,0.67777,0.61138
0.63939,-0.54219,-0.54517
0.7168,-0.45513,-0.52825
-0.65895,0.55516,0.50752
-0.71581,0.48458,0.50279
-0.55976,0.6217,0.54786
-0.45646,0.60426,0.65308
0.67809,-0.50138,-0.53741
-0.62846,0.49444,0.60047
-0.71966,0.24136,0.65103
-0.65571,0.65565,0.37437
-0.57635,0.40241,0.71126
-0.60629,0.54857,0.57575
-0.67676,0.50862,0.53226
0.70931,-0.51639,-0.47981
0.55474,-0.47115,-0.68577
0.57154,-0.62272,-0.53437
-0.42048,0.63505,0.64801
-0.75182,0.53009,0.39214
-0.64698,0.53685,0.54148
-0.4081,0.57937,0.70554
0.61803,-0.60222,-0.50534
-0.56063,0.53329,0.63348
0.37644,-0.4954,-0.78286
0.48703,-0.64645,-0.58728
-0.44545,0.70623,0.55028
0.60967,-0.5662,-0.55472
-0.6994,0.50456,0.50622
-0.69433,0.53683,0.47929
-0.41209,0.54206,0.73236
-0.4383,0.60782,0.66215
0.65417,-0.57099,-0.49602
-0.68222,0.59199,0.4291
-0.49576,0.69415,0.5219
-0.75395,0.51986,0.40162
0.59994,-0.60556,-0.52285
0.6178,-0.29719,-0.72801
-0.49956,0.71157,0.49407
0.68258,-0.47796,-0.55285
0.51585,-0.54457,-0.66131
0.63336,-0.47918,-0.60765
0.34215,-0.61613,-0.70945
0.6724,-0.55282,-0.4922
0.76822,-0.518,-0.37619
-0.47564,0.63068,0.6132
-0.53962,0.65005,0.53502
0.84719,-0.45699,-0.27098
-0.8297,0.40131,0.38799
0.80855,-0.4367,-0.39438
-0.53753,0.50542,0.67499
-0.39581,0.61257,0.68417
0.58918,-0.59723,-0.54422
0.57287,-0.74224,-0.3477
-0.46799,0.61732,0.63238
-0.5045,0.56034,0.65688
-0.742,0.47214,0.47594
0.49805,-0.44998,-0.74125
0.67731,-0.58752,-0.4428
0.52474,-0.47694,-0.7051
-0.53821,0.63254,0.55698
-0.56659,0.59682,0.56814
-0.40346,0.45956,0.79122
0.6606,-0.48362,-0.57421
0.71986,-0.48814,-0.49348
0.68634,-0.52137,-0.50705
0.74209,-0.44793,-0.49866
0.56257,-0.40382,-0.72142
-0.73022,0.56796,0.37973
-0.50639,0.60035,0.61899
-0.61495,0.37847,0.69181
0.42359,-0.68947,-0.58753
0.52861,-0.46436,-0.71059
-0.65847,0.42757,0.61936
-0.62991,0.48866,0.60368
0.42305,-0.7847,-0.45308
-0.38877,0.64433,0.65856
-0.57316,0.68229,0.45383
0.53053,-0.66673,-0.52345
0.68092,-0.60936,-0.40624
0.52082,-0.65521,-0.54721
-0.50536,0.5804,0.63855
0.57743,-0.66024,-0.48027
-0.75864,0.38903,0.5226
-0.68026,0.59604,0.42658
-0.36469,0.71714,0.59389
0.5708,-0.63948,-0.51503
-0.58045,0.49406,0.64729
0.54263,-0.32539,-0.77438
0.66042,-0.50215,-0.55829
-0.43744,0.50871,0.74153
-0.40158,0.55862,0.72573
-0.47521,0.68287,0.55486
0.5675,-0.53753,-0.6237
0.53148,-0.55032,-0.64396
-0.46522,0.43099,0.77319
-0.34499,0.5514,0.75956
0.58434,-0.51233,-0.62933
0.67906,-0.30454,-0.66792
0.69022,-0.43524,-0.57806
-0.67596,0.49757,0.54361
0.44105,-0.57793,-0.68664
-0.60853,0.56357,0.55865
0.46776,-0.53321,-0.7049
0.58213,-0.70347,-0.40775
-0.45065,0.53257,0.71644
0.54139,-0.63303,-0.55332
0.30336,-0.73773,-0.6031
-0.63445,0.59382,0.49482
0.64355,-0.69855,-0.31286
0.41366,-0.63771,-0.64978
0.47914,-0.59068,-0.64924
-0.65229,0.5659,0.50426
0.52816,-0.53598,-0.65861
-0.62597,0.59455,0.50466
0.58684,-0.62411,-0.51586
0.62804,-0.53282,-0.56715
0.60273,-0.67752,-0.42153
0.47023,-0.67272,-0.57126
0.41407,-0.78093,-0.46765
0.61133,-0.49831,-0.61479
-0.48566,0.66212,0.57073
0.38168,-0.58119,-0.7187
-0.54112,0.68863,0.48268
-0.49494,0.53435,0.68521
-0.41353,0.74136,0.52856
-0.38983,0.64745,0.65486
0.49199,-0.46569,-0.73558
0.61181,-0.46216,-0.64195
-0.48224,0.71599,0.50479
0.50715,-0.5789,-0.63849
-0.36419,0.75002,0.55212
-0.46134,0.72327,0.51386
-0.64227,0.70795,0.29376
0.38296,-0.71328,-0.587
0.34238,-0.70563,-0.62037
0.52444,-0.72058,-0.45358
-0.23172,0.76651,0.59897
0.71453,-0.54941,-0.43313
-0.67537,0.53037,0.51242
0.49884,-0.68048,-0.53675
0.43762,-0.61854,-0.65261
0.59611,-0.49981,-0.62837
0.71779,-0.58563,-0.37659
-0.44349,0.60991,0.65675
0.53186,-0.46033,-0.71079
0.65088,-0.50372,-0.568
-0.52615,0.56004,0.63993
0.57439,-0.63951,-0.51099
0.59089,-0.48532,-0.64445
0.71946,-0.47412,-0.50753
-0.61747,0.30027,0.72702
0.55688,-0.58955,-0.58508
-0.53084,0.7536,0.38769
-0.56789,0.60888,0.55386
-0.63684,0.62565,0.45056
-0.59332,0.47503,0.64986
0.73746,-0.48245,-0.47264
-0.77506,0.48717,0.40242
-0.70349,0.53388,0.46913
0.43322,-0.53075,-0.72844
-0.56244,0.65343,0.50664
0.59728,-0.39226,-0.69957
0.69252,-0.53871,-0.4798
0.3979,-0.70884,-0.58243
-0.60802,0.61429,0.50296
0.58373,-0.70777,-0.3979
0.61747,-0.56044,-0.55194
0.71105,-0.49173,-0.50261
-0.71152,0.62796,0.31529
-0.38325,0.65319,0.65304
-0.3752,0.65942,0.65146
0.52801,-0.68832,-0.49742
-0.55048,0.68082,0.48316
0.5148,-0.66612,-0.53969
0.65042,-0.52781,-0.54624
0.6178,-0.43984,-0.65181
0.55898,-0.68747,-0.4636
0.59851,-0.62061,-0.50658
0.44967,-0.45737,-0.76721
-0.66288,0.6001,0.44774
-0.638,0.62199,0.45398
0.71631,-0.53654,-0.44612
-0.37518,0.5632,0.73624
-0.46123,0.53364,0.70887
-0.44158,0.38861,0.80869
0.65046,-0.58016,-0.49022
-0.3896,0.59626,0.70191
-0.55939,0.59822,0.57378
-0.68323,0.53501,0.49695
0.51999,-0.6204,-0.58712
-0.668,0.53671,0.51548
-0.62631,0.65267,0.42632
-0.62606,0.73748,0.25333
0.56638,-0.78136,-0.26209
-0.40507,0.62546,0.66687
-0.67962,0.42297,0.59934
-0.59741,0.59062,0.54246
-0.64176,0.58532,0.49552
-0.52169,0.56585,0.63848
-0.41715,0.41618,0.80795
-0.6336,0.61758,0.46599
0.40876,-0.42885,-0.80561
-0.59392,0.53335,0.60233
-0.59967,0.61631,0.51045
0.41734,-0.57924,-0.70022
-0.56726,0.56327,0.60078
-0.37618,0.66931,0.64071
0.56486,-0.57355,-0.59327
-0.50486,0.70033,0.50463
-0.69206,0.35564,0.62815
0.3649,-0.53303,-0.76336
0.53619,-0.42763,-0.72776
0.64617,-0.3941,-0.65357
0.68484,-0.38467,-0.61889
-0.50579,0.73765,0.44727
0.52994,-0.42657,-0.73294
0.53212,-0.64637,-0.54687
-0.65691,0.62663,0.41929
-0.48971,0.66583,0.56291
0.50217,-0.53638,-0.67832
0.47639,-0.75451,-0.4514
0.47714,-0.5955,-0.64631
0.78894,-0.55208,-0.26979
0.7835,-0.40723,-0.46936
0.539,-0.54698,-0.64054
0.56816,-0.66679,-0.48227
0.67613,-0.44048,-0.59061
-0.65103,0.4025,0.64355
-0.67276,0.64471,0.36296
0.49932,-0.5765,-0.64678
0.51806,-0.69942,-0.49238
-0.45061,0.55903,0.69602
-0.41283,0.66919,0.61786
-0.53702,0.49428,0.68359
0.73356,-0.58066,-0.35315
0.6665,-0.46729,-0.58088
0.46493,-0.68887,-0.55614
0.66758,-0.49325,-0.55771
-0.6609,0.65106,0.37326
-0.51784,0.6441,0.56301
0.46103,-0.50811,-0.72751
-0.66764,0.59759,0.444
-0.57593,0.50123,0.64582
-0.38395,0.48744,0.78421
0.60454,-0.66707,-0.43537
0.59298,-0.63924,-0.48965
-0.55774,0.60354,0.56979
-0.61597,0.50089,0.60802
0.51341,-0.78034,-0.35705
0.69335,-0.54012,-0.47701
-0.3821,0.51536,0.76707
0.64237,-0.59007,-0.48905
-0.49052,0.66687,0.56096
-0.42573,0.6872,0.58865
0.65885,-0.45631,-0.59808
0.54885,-0.66634,-0.50473
0.56026,-0.61459,-0.55533
-0.314,0.5937,0.7409
0.50798,-0.80902,-0.2957
0.34209,-0.67751,-0.65112
-0.56247,0.69381,0.44972
0.46754,-0.59175,-0.65669
-0.64752,0.41443,0.6395
0.67742,-0.59264,-0.43574
-0.53795,0.56582,0.62487
0.78037,-0.39091,-0.48807
-0.63296,0.56618,0.52803
-0.63747,0.42311,0.6439
-0.55047,0.6832,0.47981
-0.7413,0.42033,0.52327
-0.62304,0.63872,0.45151
-0.6515,0.61108,0.44959
0.45251,-0.70355,-0.54795
0.38838,-0.35854,-0.84889
0.76547,-0.57467,-0.28951
-0.56676,0.56234,0.60213
-0.6617,0.6082,0.43846
-0.55822,0.52639,0.64133
0.6062,-0.49561,-0.62201
-0.62089,0.36092,0.69587
-0.74464,0.39185,0.54034
0.69076,-0.43707,-0.57604
0.5597,-0.58911,-0.58283
-0.66268,0.5063,0.55182
0.40229,-0.67658,-0.61676
-0.51436,0.59244,0.62004
0.61676,-0.57695,-0.53547
-0.781,0.16868,0.60132
0.48964,-0.58258,-0.64873
0.66812,-0.39996,-0.62741
-0.51718,0.56125,0.64616
0.56255,-0.62268,-0.54388
-0.45367,0.53544,0.71238
-0.66786,0.5004,0.55096
-0.32765,0.63759,0.69722
0.51783,-0.69292,-0.50171
-0.6892,0.53564,0.48795
-0.52233,0.60014,0.60581
0.54716,-0.55151,-0.62965
0.63726,-0.68041,-0.36185
0.40026,-0.62247,-0.67255
0.52697,-0.54013,-0.65617
0.58548,-0.63795,-0.50023
-0.77283,0.44754,0.44993
0.48934,-0.68232,-0.54312
-0.7156,0.30491,0.62845
-0.44221,0.68229,0.58218
0.69402,-0.46431,-0.55023
-0.52484,0.55232,0.64768
0.44937,-0.74616,-0.49123
0.61284,-0.53663,-0.58004
0.67907,-0.46475,-0.56822
-0.64561,0.53092,0.54892
-0.34802,0.59095,0.72778
-0.63038,0.58464,0.51069
0.44634,-0.45496,-0.77058
0.37615,-0.69527,-0.61246
0.65353,-0.5067,-0.56228
0.56614,-0.50806,-0.64912
-0.5325,0.59738,0.59965
0.415,-0.62002,-0.66584
0.42552,-0.74885,-0.50809
0.47223,-0.60312,-0.64284
-0.45559,0.79482,0.40088
0.62896,-0.48705,-0.60597
-0.50923,0.62883,0.58759
-0.56544,0.56162,0.60403
-0.45204,0.67356,0.58478
0.55746,-0.54655,-0.62492
-0.52184,0.53415,0.6651
0.7111,-0.47427,-0.51905
0.47884,-0.62575,-0.61575
0.56376,-0.66756,-0.48635
0.61887,-0.51231,-0.59543
0.68259,-0.37777,-0.62559
-0.62893,0.59911,0.4955
-0.59709,0.51414,0.61575
0.47106,-0.69026,-0.54922
0.58327,-0.64163,-0.4981
-0.54686,0.66272,0.51161
0.58359,-0.49261,-0.64557
0.5099,-0.64617,-0.56787
-0.62272,0.69041,0.36818
-0.60233,0.62986,0.49038
-0.62984,0.48022,0.61049
0.50364,-0.42479,-0.75226
-0.45109,0.6648,0.59544
-0.76244,0.34604,0.54675
0.65029,-0.60247,-0.46276
-0.83805,0.42467,0.34252
-0.52088,0.7395,0.42641
-0.55244,0.59787,0.58083
-0.67698,0.39799,0.61912
0.59883,-0.64503,-0.4747
0.60115,-0.54497,-0.58449
-0.4559,0.57972,0.67534
0.32861,-0.5782,-0.74679
-0.62949,0.63079,0.4537
0.53565,-0.65236,-0.5362
-0.48734,0.7077,0.51153
-0.66507,0.50731,0.54802
0.44164,-0.66585,-0.60133
-0.69408,0.50129,0.51668
0.57753,-0.60213,-0.55127
0.47838,-0.7372,-0.47716
0.35204,-0.51963,-0.77849
-0.37016,0.56064,0.74072
0.6798,-0.45507,-0.57514
-0.72793,0.50866,0.45978
-0.64585,0.55446,0.52484
0.5346,-0.53009,-0.65818
0.48567,-0.71594,-0.50155
0.57918,-0.65717,-0.48236
-0.60323,0.71102,0.36134
-0.82278,0.33384,0.45998
0.66169,-0.3543,-0.66079
-0.55407,0.43745,0.70827
0.72905,-0.49119,-0.47667
-0.65004,0.51235,0.5612
0.64275,-0.46165,-0.61136
-0.61678,0.53455,0.57779
-0.55096,0.64281,0.5322
0.54389,-0.55295,-0.63122
-0.41265,0.77328,0.48142
-0.59152,0.4749,0.6516
0.4451,-0.48793,-0.75087
0.51594,-0.63543,-0.57449
-0.58257,0.44474,0.68031
-0.66625,0.53253,0.52204
0.48072,-0.49978,-0.7205
-0.50047,0.49915,0.70738
0.5013,-0.6931,-0.51799
0.51257,-0.71904,-0.46932
-0.65143,0.5365,0.53648
0.56653,-0.45707,-0.68566
-0.52951,0.71354,0.45878
-0.55588,0.41282,0.72151
0.48134,-0.72307,-0.49546
-0.58066,0.62326,0.52381
0.52397,-0.50964,-0.68244
0.54535,-0.68297,-0.48595
-0.67918,0.39985,0.61549
0.36802,-0.60776,-0.7037
0.6614,-0.61949,-0.42282
-0.38796,0.68579,0.61578
0.58215,-0.7352,-0.34725
-0.59999,0.61138,0.51597
-0.58651,0.57587,0.56954
0.64645,-0.58473,-0.49009
0.44714,-0.63524,-0.62971
0.53743,-0.50899,-0.67238
0.60611,-0.58963,-0.53383
0.64523,-0.52881,-0.55139
-0.58809,0.35545,0.72651
0.50287,-0.43444,-0.74725
0.27697,-0.72768,-0.62751
-0.52628,0.46759,0.7102
0.59992,-0.55667,-0.57464
-0.52581,0.63066,0.57078
0.74991,-0.34969,-0.56156
-0.50592,0.7557,0.41588
-0.74471,0.56933,0.34824
0.47296,-0.71309,-0.51751
0.52355,-0.46223,-0.71571
0.5557,-0.45758,-0.69413
0.60968,-0.45327,-0.65026
-0.52567,0.75852,0.38512
-0.65028,0.58619,0.48323
0.73884,-0.50033,-0.45143
-0.69416,0.54581,0.46929
-0.61312,0.50869,0.60441
0.53352,-0.58087,-0.61477
0.43132,-0.65698,-0.61834
-0.54573,0.54129,0.63967
-0.66146,0.49205,0.566
-0.47217,0.61699,0.62958
-0.46868,0.65754,0.5899
0.52489,-0.58092,-0.62211
-0.46782,0.70907,0.5276
0.50218,-0.70758,-0.49713
0.70156,-0.55662,-0.44495
0.336,-0.72329,-0.60329
0.36221,-0.71556,-0.59731
-0.75328,0.53115,0.38788
-0.45745,0.60361,0.65299
-0.6121,0.58762,0.52919
-0.62084,0.50521,0.59944
-0.63555,0.7424,0.21193
0.4204,-0.68413,-0.59602
-0.61276,0.62801,0.47973
-0.58462,0.59574,0.55074
-0.60012,0.57274,0.55842
0.54623,-0.52344,-0.65395
0.67659,-0.38571,-0.62726
-0.72299,0.44887,0.52518
0.39566,-0.61534,-0.68177
0.43176,-0.772,-0.46648
-0.78008,0.48392,0.39662
-0.61764,0.58257,0.52834
0.41273,-0.79306,-0.44801
0.49324,-0.71068,-0.50164
0.55406,-0.62481,-0.55011
-0.6153,0.37916,0.69112
-0.47238,0.76941,0.42995
0.46425,-0.64637,-0.60553
-0.52902,0.46374,0.71069
0.49838,-0.57025,-0.65302
-0.47792,0.58698,0.65349
0.48016,-0.54548,-0.68694
-0.73866,0.48913,0.46382
-0.53517,0.71704,0.44659
-0.64112,0.45075,0.62112
0.6641,-0.62727,-0.40683
-0.53106,0.62816,0.56867
0.72896,-0.53673,-0.4249
0.36453,-0.60973,-0.7038
-0.26519,0.77203,0.57763
0.50076,-0.68423,-0.53016
0.65966,-0.62108,-0.42322
0.57488,-0.62956,-0.52266
0.48807,-0.59541,-0.63818
0.39347,-0.68181,-0.6167
-0.52692,0.65693,0.53925
0.60842,-0.70933,-0.35592
-0.64318,0.67204,0.36699
-0.4486,0.64089,0.62291
-0.5052,0.47196,0.72252
-0.35952,0.56057,0.74599
-0.59189,0.56273,0.57706
0.58075,-0.69492,-0.42406
-0.58646,0.52032,0.62075
-0.42138,0.44905,0.78791
-0.48893,0.59562,0.63732
-0.68169,0.5651,0.46471
0.86948,-0.33474,-0.36326
0.58974,-0.72247,-0.36089
0.40338,-0.62349,-0.66974
-0.62848,0.55521,0.54475
0.52023,-0.54233,-0.65973
0.66551,-0.4686,-0.58096
-0.42496,0.53584,0.72958
0.58603,-0.6743,-0.44932
-0.49415,0.63818,0.59037
0.51555,-0.62082,-0.59059
0.63424,-0.5465,-0.54688
0.37989,-0.62573,-0.68128
-0.62468,0.68208,0.38019
0.68502,-0.61304,-0.39362
0.59864,-0.60869,-0.5207
-0.55188,0.49875,0.66834
0.7044,-0.40294,-0.58435
0.53571,-0.61206,-0.58172
-0.70666,0.56731,0.42284
0.60185,-0.55687,-0.57243
0.59029,-0.62469,-0.5112
0.56887,-0.59734,-0.56531
-0.50128,0.5851,0.63748
-0.63886,0.44582,0.62698
-0.3833,0.61398,0.69
-0.5782,0.67361,0.46036
-0.48231,0.64547,0.59224
-0.65766,0.44879,0.60504
-0.40908,0.60741,0.68096
0.43819,-0.73163,-0.52221
0.64687,-0.56868,-0.50809
-0.4398,0.6687,0.59951
-0.46587,0.62642,0.62495
0.52227,-0.55274,-0.64939
-0.45419,0.50496,0.73398
-0.53239,0.73825,0.41419
-0.50075,0.72665,0.47035
0.36029,-0.56223,-0.74437
-0.55448,0.60035,0.57631
-0.64631,0.46023,0.60867
0.59857,-0.54262,-0.5893
0.39251,-0.68393,-0.61496
0.72518,-0.51311,-0.45917
-0.45242,0.77654,0.43852
0.54292,-0.71853,-0.43468
0.43516,-0.65265,-0.62023
0.44786,-0.61966,-0.64455
0.54409,-0.51853,-0.65962
-0.74344,0.49391,0.45094
0.53276,-0.43814,-0.72402
0.61085,-0.60982,-0.50496
0.52839,-0.63048,-0.56859
-0.45204,0.6698,0.5891
0.49591,-0.53227,-0.68612
-0.52775,0.63445,0.56476
0.58955,-0.56505,-0.57719
0.45783,-0.52986,-0.7139
-0.50331,0.54165,0.67327
0.3739,-0.71674,-0.58862
-0.52194,0.62859,0.57659
-0.67268,0.59477,0.44017
-0.57392,0.46042,0.67722
0.44126,-0.44159,-0.78121
-0.40627,0.72537,0.55569
0.52571,-0.58343,-0.61906
0.60511,-0.51718,-0.60528
0.65791,-0.51778,-0.54686
0.49912,-0.74893,-0.43587
-0.47344,0.60933,0.63606
0.53171,-0.50435,-0.68038
0.67567,-0.5044,-0.53764
0.80829,-0.49178,-0.32375
-0.62504,0.56176,0.54199
-0.6182,0.54725,0.56423
0.42711,-0.53147,-0.73152
-0.64205,0.56628,0.51682
-0.55668,0.52648,0.64259
0.72827,-0.46291,-0.5053
0.7288,-0.48482,-0.48353
-0.41829,0.40673,0.81216
-0.64965,0.69751,0.30239
-0.5365,0.68167,0.49748
0.69655,-0.27794,-0.66149
-0.72687,0.46001,0.50995
0.58148,-0.58979,-0.56039
-0.6669,0.46081,0.58557
0.61748,-0.56572,-0.54652
0.68367,-0.60637,-0.4061
0.60337,-0.5568,-0.57089
-0.61704,0.5786,0.53337
0.53285,-0.47987,-0.69699
0.81897,-0.52039,-0.24183
0.59397,-0.52452,-0.60999
0.5421,-0.57862,-0.60936
-0.39925,0.67201,0.6237
-0.71847,0.53504,0.44444
-0.49831,0.61014,0.61596
0.64745,-0.4183,-0.63705
-0.56339,0.51448,0.64645
-0.48041,0.5699,0.66665
-0.50263,0.65836,0.5603
-0.54478,0.55713,0.62676
0.4843,-0.6185,-0.6188
0.69526,-0.57003,-0.43781
-0.68629,0.54462,0.48208
0.44627,-0.59436,-0.66901
-0.53414,0.71326,0.45383
0.51538,-0.72777,-0.45249
0.66074,-0.60113,-0.44952
0.63015,-0.49498,-0.59825
-0.60016,0.68653,0.41046
-0.65781,0.53318,0.53198
-0.51793,0.59421,0.61535
0.61526,-0.44677,-0.6495
-0.60066,0.65517,0.45822
-0.61215,0.60103,0.51385
0.55009,-0.53144,-0.64418
-0.60461,0.58708,0.53831
0.38688,-0.54439,-0.74429
-0.60664,0.55488,0.5693
-0.58871,0.55492,0.58778
-0.6975,0.34455,0.62831
-0.55007,0.50353,0.66624
-0.62237,0.65067,0.43507
0.59432,-0.58264,-0.55436
0.43329,-0.62672,-0.64767
-0.70312,0.43504,0.56245
-0.46212,0.75412,0.46664
0.74047,-0.51076,-0.43684
-0.50887,0.51768,0.68779
0.63575,-0.55075,-0.54084
0.5996,-0.57735,-0.5542
0.62484,-0.51036,-0.59086
0.57654,-0.67736,-0.45693
0.62404,-0.4959,-0.60386
-0.53842,0.49071,0.68506
0.56385,-0.53976,-0.62509
-0.584,0.58914,0.55844
-0.5323,0.53222,0.65833
-0.48937,0.61999,0.6133
0.68692,-0.46967,-0.55458
-0.5681,0.54843,0.61359
-0.46275,0.42125,0.78001
-0.62288,0.65848,0.4224
0.56125,-0.67214,-0.48293
0.45911,-0.67329,-0.57958
-0.46904,0.5671,0.67706
0.65703,-0.52631,-0.53973
-0.67029,0.61076,0.42153
-0.64471,0.47905,0.5957
0.65061,-0.56826,-0.50377
0.69089,-0.57012,-0.44456
0.54201,-0.45426,-0.70702
-0.4438,0.47519,0.75976
0.22899,-0.74297,-0.62893
-0.65784,0.61519,0.43451
0.65634,-0.45922,-0.59861
-0.5909,0.56362,0.57721
-0.64941,0.48296,0.58738
0.7066,-0.37014,-0.60308
0.53392,-0.51031,-0.67417
-0.67682,0.5004,0.53992
-0.66511,0.46338,0.58558
0.68707,-0.61133,-0.3927
-0.68126,0.55617,0.47598
-0.63113,0.39102,0.66991
0.53042,-0.69756,-0.48173
0.18142,-0.77185,-0.60937
-0.67125,0.56603,0.47856
0.67766,-0.34473,-0.64957
0.65047,-0.63175,-0.42164
0.56548,-0.5916,-0.57467
-0.56163,0.80939,0.17166
0.74886,-0.54006,-0.38411
-0.64694,0.32362,0.69046
0.46215,-0.73605,-0.49462
-0.49146,0.42931,0.75773
0.5928,-0.46408,-0.6582
0.32947,-0.58209,-0.74338
-0.61932,0.40757,0.67107
0.58421,-0.4737,-0.65902
-0.67515,0.52799,0.51516
-0.62098,0.44968,0.64201
-0.59687,0.57105,0.56361
0.60488,-0.64412,-0.46822
0.60408,-0.46968,-0.6438
-0.52237,0.67461,0.52157
0.54275,-0.56172,-0.62441
0.45434,-0.74499,-0.48843
-0.54036,0.48459,0.68789
0.44072,-0.64896,-0.62018
-0.5356,0.63496,0.55673
0.67337,-0.58145,-0.4566
-0.52001,0.73075,0.44226
-0.5344,0.61178,0.58321
0.52921,-0.55943,-0.63795
0.55326,-0.64532,-0.52675
-0.75192,0.33251,0.56925
0.54268,-0.60898,-0.57848
0.68352,-0.52798,-0.50403
0.64903,-0.44592,-0.61638
-0.63783,0.57977,0.50699
0.49225,-0.47749,-0.7278
0.55747,-0.56359,-0.60958
0.45464,-0.41653,-0.78728
0.66412,-0.43153,-0.61051
0.60026,-0.46099,-0.65359
0.39734,-0.73258,-0.55267
0.58295,-0.48119,-0.65469
0.70234,-0.58293,-0.40855
-0.58012,0.5455,0.60488
0.64335,-0.36084,-0.6752
-0.52341,0.52367,0.67217
0.58862,-0.52286,-0.61657
